,年份,始发城市,年度实际迁徙指数
0,2018.0,七台河,58.571388903
1,2018.0,万宁,97.35194446899999
2,2018.0,三亚,213.482222224
3,2018.0,三明,364.13166667999997
4,2018.0,三门峡,510.993611122
5,2018.0,上海,5605.778333669
6,2018.0,上饶,918.359444386
7,2018.0,东方,41.958055576
8,2018.0,东莞,10446.564999386
9,2018.0,东营,882.288888847
10,2018.0,中卫,373.144444433
11,2018.0,中山,3389.413055598
12,2018.0,临夏回族,108.645555561
13,2018.0,临汾,547.795277829
14,2018.0,临沂,2142.213888969
15,2018.0,临沧,49.301666675
16,2018.0,临高县,52.064166684
17,2018.0,丹东,196.11583333
18,2018.0,丽水,440.11555554
19,2018.0,丽江,155.672777779
20,2018.0,乌兰察布,403.111111067
21,2018.0,乌海,118.622777783
22,2018.0,乌鲁木齐,669.135277731
23,2018.0,乐东黎族自治县,59.485833343
24,2018.0,乐山,511.404722199
25,2018.0,九江,789.241111086
26,2018.0,云浮,933.629166758
27,2018.0,五家渠,82.328611134
28,2018.0,五指山,28.593055588
29,2018.0,亳州,847.808888926
30,2018.0,仙桃,368.681111094
31,2018.0,伊春,66.26944445
32,2018.0,伊犁哈萨克,175.32333333100001
33,2018.0,佛山,8830.65805505
34,2018.0,佳木斯,169.07944443899999
35,2018.0,保亭黎族苗族自治县,46.761111133
36,2018.0,保定,2804.9830555470003
37,2018.0,保山,119.302777784
38,2018.0,信阳,736.829999978
39,2018.0,儋州,85.957222224
40,2018.0,克孜勒苏柯尔克孜,31.878888905999997
41,2018.0,克拉玛依,136.555000008
42,2018.0,六安,965.874444488
43,2018.0,六盘水,380.222500008
44,2018.0,兰州,579.4508333489999
45,2018.0,兴安盟,168.14666668200002
46,2018.0,内江,611.986666734
47,2018.0,凉山彝族,220.079444463
48,2018.0,包头,286.351944432
49,2018.0,北京,5812.289721794
50,2018.0,北屯,19.131944468
51,2018.0,北海,266.648888884
52,2018.0,十堰,270.05222224
53,2018.0,南京,3598.032499967
54,2018.0,南充,585.7694444560001
55,2018.0,南宁,1121.982222196
56,2018.0,南平,348.973055547
57,2018.0,南昌,1210.202777775
58,2018.0,南通,1868.052500007
59,2018.0,南阳,974.0797222580001
60,2018.0,博尔塔拉蒙古,72.957500011
61,2018.0,厦门,1162.986111038
62,2018.0,双河,17.939444476
63,2018.0,双鸭山,87.749444451
64,2018.0,可克达拉,12.025555585
65,2018.0,台州,959.0124999220001
66,2018.0,合肥,2555.016388814
67,2018.0,吉安,626.692777764
68,2018.0,吉林,344.564722196
69,2018.0,吐鲁番,139.941944437
70,2018.0,吕梁,596.582500035
71,2018.0,吴忠,510.059166651
72,2018.0,周口,1126.631388894
73,2018.0,呼伦贝尔,139.910833335
74,2018.0,呼和浩特,480.890555501
75,2018.0,和田,36.627222225
76,2018.0,咸宁,526.123055524
77,2018.0,咸阳,2263.622777819
78,2018.0,哈密,126.754444448
79,2018.0,哈尔滨,835.063333309
80,2018.0,唐山,1754.0077777449999
81,2018.0,商丘,1124.644722232
82,2018.0,商洛,376.223055558
83,2018.0,喀什,66.554999988
84,2018.0,嘉兴,3702.765833343
85,2018.0,嘉峪关,91.510833326
86,2018.0,四平,707.776666684
87,2018.0,固原,204.255833349
88,2018.0,图木舒克,6.004444468
89,2018.0,塔城,208.757777772
90,2018.0,大兴安岭,19.134166685
91,2018.0,大同,423.91111106700004
92,2018.0,大庆,334.986944436
93,2018.0,大理白族,373.982499989
94,2018.0,大连,345.484444438
95,2018.0,天水,232.641944438
96,2018.0,天津,3803.185277773
97,2018.0,天门,212.884722228
98,2018.0,太原,1571.214444439
99,2018.0,威海,345.330277829
100,2018.0,娄底,530.664166633
101,2018.0,孝感,958.103611109
102,2018.0,宁德,335.997777753
103,2018.0,宁波,1693.74916671
104,2018.0,安庆,673.075555589
105,2018.0,安康,349.064999995
106,2018.0,安阳,897.159999963
107,2018.0,安顺,702.357222209
108,2018.0,定安县,82.88750001400001
109,2018.0,定西,291.083333343
110,2018.0,宜宾,440.238055563
111,2018.0,宜昌,558.645277767
112,2018.0,宜春,909.100555601
113,2018.0,宝鸡,361.529722258
114,2018.0,宣城,866.624999989
115,2018.0,宿州,1074.878055529
116,2018.0,宿迁,1167.278611005
117,2018.0,屯昌县,37.270277806
118,2018.0,山南,30.498055568999998
119,2018.0,岳阳,961.9433333
120,2018.0,崇左,202.074444448
121,2018.0,巴中,173.356111122
122,2018.0,巴彦淖尔,149.054999998
123,2018.0,巴音郭楞蒙古,132.818611108
124,2018.0,常州,3167.370278163
125,2018.0,常德,733.0769444489999
126,2018.0,平凉,285.213611113
127,2018.0,平顶山,923.001666577
128,2018.0,广元,342.235833346
129,2018.0,广安,449.276944491
130,2018.0,广州,12584.833055804
131,2018.0,庆阳,110.55305555
132,2018.0,廊坊,3795.985278134
133,2018.0,延安,403.187777767
134,2018.0,延边朝鲜族,122.508888898
135,2018.0,开封,1587.04000012
136,2018.0,张家口,1021.208611152
137,2018.0,张家界,207.384166666
138,2018.0,张掖,190.656388897
139,2018.0,徐州,1676.796666713
140,2018.0,德宏傣族景颇族,46.836944454
141,2018.0,德州,1809.873611102
142,2018.0,德阳,1302.8727778539999
143,2018.0,忻州,590.335000006
144,2018.0,怀化,564.586666661
145,2018.0,怒江傈僳族,13.921111130000002
146,2018.0,恩施土家族苗族,365.713888916
147,2018.0,惠州,4777.13305581
148,2018.0,成都,4205.972777803
149,2018.0,扬州,1984.318888983
150,2018.0,承德,772.948055588
151,2018.0,抚州,712.638055614
152,2018.0,抚顺,460.72055558799997
153,2018.0,拉萨,89.83750001
154,2018.0,揭阳,878.315277691
155,2018.0,攀枝花,104.422777781
156,2018.0,文山壮族苗族,170.120277789
157,2018.0,文昌,74.023055579
158,2018.0,新乡,1533.551666703
159,2018.0,新余,259.842222233
160,2018.0,无锡,5014.240833308
161,2018.0,日喀则,26.957777786
162,2018.0,日照,947.381666655
163,2018.0,昆明,1343.475000017
164,2018.0,昆玉,3.015277793
165,2018.0,昌吉回族,512.5224999989999
166,2018.0,昌江黎族自治县,28.985277798
167,2018.0,昌都,44.310833351
168,2018.0,昭通,242.41499999500002
169,2018.0,晋中,1556.75277775
170,2018.0,晋城,366.185277799
171,2018.0,普洱,116.503055555
172,2018.0,景德镇,316.099166659
173,2018.0,曲靖,581.3111111320001
174,2018.0,朔州,367.133333343
175,2018.0,朝阳,306.307777766
176,2018.0,本溪,280.993055594
177,2018.0,来宾,377.594166654
178,2018.0,杭州,4993.1869447750005
179,2018.0,松原,474.664722232
180,2018.0,林芝,40.311666674
181,2018.0,果洛藏族,25.263888895
182,2018.0,枣庄,659.005555517
183,2018.0,柳州,550.583055512
184,2018.0,株洲,989.151388913
185,2018.0,桂林,590.218611119
186,2018.0,梅州,555.907222212
187,2018.0,梧州,536.93166667
188,2018.0,楚雄彝族,365.00194440499996
189,2018.0,榆林,623.44000001
190,2018.0,武威,195.70305556300002
191,2018.0,武汉,2576.167222251
192,2018.0,毕节,641.973611154
193,2018.0,永州,584.870555567
194,2018.0,汉中,374.111111107
195,2018.0,汕头,701.633611124
196,2018.0,汕尾,587.189722238
197,2018.0,江门,2444.708333447
198,2018.0,池州,540.308055559
199,2018.0,沈阳,1982.881666801
200,2018.0,沧州,2533.018333345
201,2018.0,河池,265.71611111600004
202,2018.0,河源,972.632499993
203,2018.0,泉州,1020.986111059
204,2018.0,泰安,1183.256944376
205,2018.0,泰州,2021.103611132
206,2018.0,泸州,619.624444401
207,2018.0,洛阳,984.365833372
208,2018.0,济南,2823.0277779460002
209,2018.0,济宁,1545.5255555590002
210,2018.0,济源,243.616666662
211,2018.0,海东,322.13222222
212,2018.0,海北藏族,88.852777784
213,2018.0,海南藏族,205.890277785
214,2018.0,海口,467.370555556
215,2018.0,海西蒙古族藏族,175.866111103
216,2018.0,淄博,1428.07111109
217,2018.0,淮北,461.652500002
218,2018.0,淮南,650.656111118
219,2018.0,淮安,1681.775555511
220,2018.0,深圳,8562.508333344
221,2018.0,清远,1817.885000079
222,2018.0,温州,838.344999983
223,2018.0,渭南,984.209444468
224,2018.0,湖州,2228.391944419
225,2018.0,湘潭,1168.299166619
226,2018.0,湘西土家族苗族,460.876388888
227,2018.0,湛江,548.17527775
228,2018.0,滁州,1847.690833434
229,2018.0,滨州,1554.0352777370001
230,2018.0,漯河,579.557222228
231,2018.0,漳州,907.5366666169999
232,2018.0,潍坊,2215.344166595
233,2018.0,潜江,210.59194444500002
234,2018.0,潮州,512.231111109
235,2018.0,澄迈县,175.36277782599998
236,2018.0,濮阳,771.2052778679999
237,2018.0,烟台,975.245833231
238,2018.0,焦作,869.108611051
239,2018.0,牡丹江,124.820555561
240,2018.0,玉林,461.059999998
241,2018.0,玉树藏族,29.058888903
242,2018.0,玉溪,434.27444448899996
243,2018.0,珠海,1453.0041666719999
244,2018.0,琼中黎族苗族自治县,36.824166697
245,2018.0,琼海,116.19666667599999
246,2018.0,甘南藏族,79.23250000499999
247,2018.0,甘孜藏族,151.047500006
248,2018.0,白城,167.150555566
249,2018.0,白山,135.511666669
250,2018.0,白沙黎族自治县,19.308888925999998
251,2018.0,白银,236.115000004
252,2018.0,百色,300.955555545
253,2018.0,益阳,609.532777772
254,2018.0,盐城,1402.670277735
255,2018.0,盘锦,561.138333308
256,2018.0,眉山,1203.803888914
257,2018.0,石嘴山,248.21111106
258,2018.0,石家庄,1890.900000054
259,2018.0,石河子,93.317499998
260,2018.0,神农架林区,29.128333344999998
261,2018.0,福州,644.505555557
262,2018.0,秦皇岛,1024.243611121
263,2018.0,红河哈尼族彝族,295.134444426
264,2018.0,绍兴,2593.233610999
265,2018.0,绥化,500.51861103699997
266,2018.0,绵阳,811.38333334
267,2018.0,聊城,1157.581944473
268,2018.0,肇庆,1700.766666683
269,2018.0,自贡,482.280833299
270,2018.0,舟山,274.233333345
271,2018.0,芜湖,989.699444403
272,2018.0,苏州,7628.144722768
273,2018.0,茂名,690.267500004
274,2018.0,荆州,743.503333318
275,2018.0,荆门,580.970555566
276,2018.0,莆田,373.082222256
277,2018.0,菏泽,1214.374166647
278,2018.0,萍乡,266.233888893
279,2018.0,营口,488.698333292
280,2018.0,葫芦岛,816.65805557
281,2018.0,蚌埠,814.597777816
282,2018.0,衡水,1306.29166666
283,2018.0,衡阳,890.97638885
284,2018.0,衢州,881.379444414
285,2018.0,襄阳,691.380277736
286,2018.0,西双版纳傣族,60.126111105999996
287,2018.0,西宁,392.394999949
288,2018.0,西安,3238.379444545
289,2018.0,许昌,1250.585833297
290,2018.0,贵港,427.750833315
291,2018.0,贵阳,1907.87416666
292,2018.0,贺州,305.588055564
293,2018.0,资阳,573.611666621
294,2018.0,赣州,1052.891111147
295,2018.0,赤峰,379.328888906
296,2018.0,辽源,145.510277779
297,2018.0,辽阳,520.6913889169999
298,2018.0,达州,373.343611091
299,2018.0,运城,492.691388857
300,2018.0,连云港,1181.650555526
301,2018.0,迪庆藏族,48.312222223999996
302,2018.0,通化,245.563888884
303,2018.0,通辽,357.1172222
304,2018.0,遂宁,567.068333314
305,2018.0,遵义,909.412777695
306,2018.0,邢台,1419.149444461
307,2018.0,那曲,31.239166674
308,2018.0,邯郸,1064.5472222610001
309,2018.0,邵阳,639.463333347
310,2018.0,郑州,3617.2091668
311,2018.0,郴州,612.055555521
312,2018.0,鄂尔多斯,611.3316667
313,2018.0,鄂州,512.8586110699999
314,2018.0,酒泉,258.185000004
315,2018.0,重庆,1964.679444445
316,2018.0,金华,1589.7552777829999
317,2018.0,金昌,85.533888899
318,2018.0,钦州,423.092777825
319,2018.0,铁岭,507.635555565
320,2018.0,铁门关,10.335277792
321,2018.0,铜仁,452.70194444
322,2018.0,铜川,256.345000004
323,2018.0,铜陵,422.384444432
324,2018.0,银川,595.225277801
325,2018.0,锡林郭勒盟,226.886666662
326,2018.0,锦州,721.941666594
327,2018.0,镇江,2018.1258334679999
328,2018.0,长春,1066.898055493
329,2018.0,长沙,2605.06222222
330,2018.0,长治,489.18972221800004
331,2018.0,阜新,322.88083333599997
332,2018.0,阜阳,873.431111204
333,2018.0,防城港,166.93055555200002
334,2018.0,阳江,802.161111062
335,2018.0,阳泉,344.61499999800003
336,2018.0,阿克苏,102.56972223
337,2018.0,阿勒泰,62.243333329
338,2018.0,阿坝藏族羌族,254.76916669000002
339,2018.0,阿拉善盟,159.178333331
340,2018.0,阿拉尔,23.033333359
341,2018.0,阿里,4.763611145
342,2018.0,陇南,155.405833344
343,2018.0,陵水黎族自治县,134.184444452
344,2018.0,随州,398.683888898
345,2018.0,雅安,485.888055543
346,2018.0,青岛,1986.261944417
347,2018.0,鞍山,691.381388974
348,2018.0,韶关,807.730000037
349,2018.0,马鞍山,969.46861117
350,2018.0,驻马店,797.098611073
351,2018.0,鸡西,75.281944447
352,2018.0,鹤壁,434.217222238
353,2018.0,鹤岗,57.481111125
354,2018.0,鹰潭,305.706388884
355,2018.0,黄冈,1055.540833296
356,2018.0,黄南藏族,27.728333347000003
357,2018.0,黄山,342.265555571
358,2018.0,黄石,413.132500033
359,2018.0,黑河,87.307777789
360,2018.0,黔东南苗族侗族,472.82944448
361,2018.0,黔南布依族苗族,1050.292500006
362,2018.0,黔西南布依族苗族,276.285000008
363,2018.0,齐齐哈尔,248.054444436
364,2018.0,龙岩,286.530833321
365,2019.0,七台河,122.590000007
366,2019.0,万宁,236.650000008
367,2019.0,三亚,553.810833377
368,2019.0,三明,846.858333365
369,2019.0,三门峡,1229.2275
370,2019.0,上海,11822.765277335999
371,2019.0,上饶,2473.121388977
372,2019.0,东方,108.831111114
373,2019.0,东莞,22660.416389168
374,2019.0,东营,1855.07111107
375,2019.0,中卫,763.583888893
376,2019.0,中山,7484.598333831
377,2019.0,临夏回族,244.07111107199998
378,2019.0,临汾,1464.438611162
379,2019.0,临沂,4810.047500065
380,2019.0,临沧,123.87166665999999
381,2019.0,临高县,125.72055557499999
382,2019.0,丹东,393.503888903
383,2019.0,丽水,1105.677777762
384,2019.0,丽江,333.167500012
385,2019.0,乌兰察布,872.752499985
386,2019.0,乌海,280.337777779
387,2019.0,乌鲁木齐,1576.374166726
388,2019.0,乐东黎族自治县,180.203333324
389,2019.0,乐山,1218.791111094
390,2019.0,九江,2004.3077777170001
391,2019.0,云浮,2496.162222238
392,2019.0,五家渠,187.74166667
393,2019.0,五指山,79.39111111300001
394,2019.0,亳州,2049.726666742
395,2019.0,仙桃,948.414999991
396,2019.0,伊春,126.69027778600001
397,2019.0,伊犁哈萨克,417.788055542
398,2019.0,佛山,19921.008611025
399,2019.0,佳木斯,328.99888889
400,2019.0,保亭黎族苗族自治县,112.440555574
401,2019.0,保定,6144.118333441
402,2019.0,保山,301.127777806
403,2019.0,信阳,1909.2219444759999
404,2019.0,儋州,212.466944444
405,2019.0,克孜勒苏柯尔克孜,95.20805555899999
406,2019.0,克拉玛依,279.976388916
407,2019.0,六安,2478.401388882
408,2019.0,六盘水,926.197777802
409,2019.0,兰州,1257.945833348
410,2019.0,兴安盟,335.689722216
411,2019.0,内江,1478.124166686
412,2019.0,凉山彝族,564.438888844
413,2019.0,包头,607.54083328
414,2019.0,北京,11923.672500837
415,2019.0,北屯,41.40888891
416,2019.0,北海,682.24055552
417,2019.0,十堰,659.781666674
418,2019.0,南京,8443.189722075
419,2019.0,南充,1649.684444545
420,2019.0,南宁,2865.81722219
421,2019.0,南平,892.038611033
422,2019.0,南昌,2903.68055561
423,2019.0,南通,4379.648055058
424,2019.0,南阳,2358.582777746
425,2019.0,博尔塔拉蒙古,161.89444446
426,2019.0,厦门,2817.2602784700002
427,2019.0,双河,41.738611135
428,2019.0,双鸭山,177.029722176
429,2019.0,可克达拉,51.216666693
430,2019.0,台州,2320.272222203
431,2019.0,合肥,6072.211944566
432,2019.0,吉安,1566.129722208
433,2019.0,吉林,768.739166643
434,2019.0,吐鲁番,398.179166658
435,2019.0,吕梁,1334.887777765
436,2019.0,吴忠,1147.026388888
437,2019.0,周口,2807.933333243
438,2019.0,呼伦贝尔,252.27138889399998
439,2019.0,呼和浩特,1039.536666607
440,2019.0,和田,98.198055556
441,2019.0,咸宁,1420.305555586
442,2019.0,咸阳,5451.936110771
443,2019.0,哈密,346.323888894
444,2019.0,哈尔滨,1782.9966665910001
445,2019.0,唐山,3900.734166495
446,2019.0,商丘,2802.319444605
447,2019.0,商洛,864.899444441
448,2019.0,喀什,183.844722233
449,2019.0,嘉兴,8107.535000373
450,2019.0,嘉峪关,200.477499954
451,2019.0,四平,1497.634166707
452,2019.0,固原,453.761388893
453,2019.0,图木舒克,19.728611138999998
454,2019.0,塔城,482.010000032
455,2019.0,大兴安岭,35.358611124
456,2019.0,大同,1078.486388846
457,2019.0,大庆,740.712777836
458,2019.0,大理白族,889.843889018
459,2019.0,大连,710.721666693
460,2019.0,天水,535.563888876
461,2019.0,天津,8156.241111954
462,2019.0,天门,570.311944474
463,2019.0,太原,3518.318610687
464,2019.0,威海,690.487777799
465,2019.0,娄底,1234.451944382
466,2019.0,孝感,2532.2086113279997
467,2019.0,宁德,906.8347223110001
468,2019.0,宁波,3926.961944425
469,2019.0,安庆,1743.490555589
470,2019.0,安康,857.24694443
471,2019.0,安阳,2096.189166602
472,2019.0,安顺,1567.8597221789998
473,2019.0,定安县,205.154722227
474,2019.0,定西,673.424166681
475,2019.0,宜宾,1062.888611178
476,2019.0,宜昌,1389.688333286
477,2019.0,宜春,2256.1663888919998
478,2019.0,宝鸡,858.4349999279999
479,2019.0,宣城,2154.276388953
480,2019.0,宿州,2699.932500068
481,2019.0,宿迁,2866.276388762
482,2019.0,屯昌县,99.49305556899999
483,2019.0,山南,63.889444442
484,2019.0,岳阳,2513.772777675
485,2019.0,崇左,540.93638887
486,2019.0,巴中,605.191111095
487,2019.0,巴彦淖尔,324.320833334
488,2019.0,巴音郭楞蒙古,343.319722219
489,2019.0,常州,7156.184167029
490,2019.0,常德,1794.422777754
491,2019.0,平凉,655.754722241
492,2019.0,平顶山,2100.795833384
493,2019.0,广元,765.654166656
494,2019.0,广安,1157.064999951
495,2019.0,广州,26727.737499583
496,2019.0,庆阳,273.290555562
497,2019.0,廊坊,8472.109167079
498,2019.0,延安,904.783333393
499,2019.0,延边朝鲜族,223.277500008
500,2019.0,开封,3607.586388447
501,2019.0,张家口,2062.685277772
502,2019.0,张家界,486.616388902
503,2019.0,张掖,403.623888892
504,2019.0,徐州,4061.0886110789997
505,2019.0,德宏傣族景颇族,121.732499994
506,2019.0,德州,4083.8597225490003
507,2019.0,德阳,2954.771944901
508,2019.0,忻州,1304.425555548
509,2019.0,怀化,1433.599999966
510,2019.0,怒江傈僳族,37.301944456
511,2019.0,恩施土家族苗族,993.3002777930001
512,2019.0,惠州,10705.73277781
513,2019.0,成都,9488.743056029
514,2019.0,扬州,4499.213611283
515,2019.0,承德,1499.459444541
516,2019.0,抚州,1785.527777831
517,2019.0,抚顺,964.0369444199999
518,2019.0,拉萨,182.229166671
519,2019.0,揭阳,2241.003611187
520,2019.0,攀枝花,260.545833334
521,2019.0,文山壮族苗族,427.13555551900004
522,2019.0,文昌,221.679166712
523,2019.0,新乡,3511.136943952
524,2019.0,新余,624.1338888500001
525,2019.0,无锡,11163.829721338
526,2019.0,日喀则,50.019444442
527,2019.0,日照,2148.21361107
528,2019.0,昆明,3044.289444476
529,2019.0,昆玉,9.525555582
530,2019.0,昌吉回族,1232.320833304
531,2019.0,昌江黎族自治县,78.253611115
532,2019.0,昌都,99.205555558
533,2019.0,昭通,705.2758333280001
534,2019.0,晋中,3520.094999986
535,2019.0,晋城,776.473888926
536,2019.0,普洱,321.986666699
537,2019.0,景德镇,880.968611077
538,2019.0,曲靖,1427.970555541
539,2019.0,朔州,857.975555527
540,2019.0,朝阳,672.809999943
541,2019.0,本溪,542.903333298
542,2019.0,来宾,952.42472228
543,2019.0,杭州,11220.229721102
544,2019.0,松原,1045.522222324
545,2019.0,林芝,89.726666667
546,2019.0,果洛藏族,47.880833347
547,2019.0,枣庄,1506.7697221590001
548,2019.0,柳州,1461.536111189
549,2019.0,株洲,2521.033333349
550,2019.0,桂林,1573.48805559
551,2019.0,梅州,1386.211111145
552,2019.0,梧州,1480.061111054
553,2019.0,楚雄彝族,845.472777694
554,2019.0,榆林,1306.34472218
555,2019.0,武威,431.105277776
556,2019.0,武汉,6296.423055538
557,2019.0,毕节,1688.931388801
558,2019.0,永州,1580.541944392
559,2019.0,汉中,990.435000024
560,2019.0,汕头,1787.191111118
561,2019.0,汕尾,1481.938888938
562,2019.0,江门,5387.072500183
563,2019.0,池州,1351.923611131
564,2019.0,沈阳,4228.453333387
565,2019.0,沧州,5689.528611114
566,2019.0,河池,770.627222171
567,2019.0,河源,2368.990833373
568,2019.0,泉州,2483.239166531
569,2019.0,泰安,2931.751388933
570,2019.0,泰州,4710.821666762
571,2019.0,泸州,1467.544166664
572,2019.0,洛阳,2308.2030556689997
573,2019.0,济南,6944.138055948
574,2019.0,济宁,3686.995833346
575,2019.0,济源,563.2588889140001
576,2019.0,海东,727.13583338
577,2019.0,海北藏族,138.482222223
578,2019.0,海南藏族,352.506388884
579,2019.0,海口,1170.237500012
580,2019.0,海西蒙古族藏族,318.139166658
581,2019.0,淄博,3241.629722173
582,2019.0,淮北,1133.521944472
583,2019.0,淮南,1718.465000128
584,2019.0,淮安,4044.312778003
585,2019.0,深圳,18498.559722339
586,2019.0,清远,4594.606666451
587,2019.0,温州,2071.89222225
588,2019.0,渭南,2360.308610948
589,2019.0,湖州,5215.914166757
590,2019.0,湘潭,2747.4866666059997
591,2019.0,湘西土家族苗族,1144.515833339
592,2019.0,湛江,1517.500277769
593,2019.0,滁州,4880.538611018
594,2019.0,滨州,3470.061944433
595,2019.0,漯河,1407.9763888310001
596,2019.0,漳州,2190.496666865
597,2019.0,潍坊,4888.272222794
598,2019.0,潜江,535.4375000150001
599,2019.0,潮州,1253.70972233
600,2019.0,澄迈县,443.023888834
601,2019.0,濮阳,1784.741666702
602,2019.0,烟台,1967.0736112109998
603,2019.0,焦作,1958.261944509
604,2019.0,牡丹江,229.445833344
605,2019.0,玉林,1199.729999998
606,2019.0,玉树藏族,51.796388895999996
607,2019.0,玉溪,1046.314166639
608,2019.0,珠海,3374.564166407
609,2019.0,琼中黎族苗族自治县,89.74333335
610,2019.0,琼海,294.075277733
611,2019.0,甘南藏族,150.415555571
612,2019.0,甘孜藏族,342.916388924
613,2019.0,白城,369.30861109800003
614,2019.0,白山,249.340555556
615,2019.0,白沙黎族自治县,45.284444454
616,2019.0,白银,533.431388876
617,2019.0,百色,811.630277832
618,2019.0,益阳,1538.378611047
619,2019.0,盐城,3468.610000055
620,2019.0,盘锦,1276.239166669
621,2019.0,眉山,2899.81944453
622,2019.0,石嘴山,492.0958333809999
623,2019.0,石家庄,4093.344999974
624,2019.0,石河子,228.841666659
625,2019.0,神农架林区,47.70833334
626,2019.0,福州,1591.8491666099999
627,2019.0,秦皇岛,2086.090555479
628,2019.0,红河哈尼族彝族,696.421111104
629,2019.0,绍兴,5857.211666542
630,2019.0,绥化,1117.113333288
631,2019.0,绵阳,1999.691944466
632,2019.0,聊城,2793.1208334410003
633,2019.0,肇庆,4430.816388606
634,2019.0,自贡,1185.449166729
635,2019.0,舟山,581.591944453
636,2019.0,芜湖,2312.456388828
637,2019.0,苏州,16471.190555171
638,2019.0,茂名,1861.4058333990001
639,2019.0,荆州,1943.940555538
640,2019.0,荆门,1433.373888875
641,2019.0,莆田,904.1347221660001
642,2019.0,菏泽,2940.910833328
643,2019.0,萍乡,677.110277719
644,2019.0,营口,1020.136666751
645,2019.0,葫芦岛,1757.924444526
646,2019.0,蚌埠,2011.791388983
647,2019.0,衡水,3015.188055666
648,2019.0,衡阳,2325.820555444
649,2019.0,衢州,2334.482222288
650,2019.0,襄阳,1706.834999945
651,2019.0,西双版纳傣族,176.549722217
652,2019.0,西宁,825.602777787
653,2019.0,西安,7657.34055618
654,2019.0,许昌,2856.613888983
655,2019.0,贵港,1154.306388933
656,2019.0,贵阳,4185.038610753
657,2019.0,贺州,876.613333335
658,2019.0,资阳,1383.624166604
659,2019.0,赣州,2644.461111025
660,2019.0,赤峰,797.413333378
661,2019.0,辽源,300.265000004
662,2019.0,辽阳,1114.967222242
663,2019.0,达州,959.6461111360001
664,2019.0,运城,1234.20944444
665,2019.0,连云港,2875.203611073
666,2019.0,迪庆藏族,96.147499995
667,2019.0,通化,501.297499993
668,2019.0,通辽,747.687499995
669,2019.0,遂宁,1381.8033332740001
670,2019.0,遵义,2095.979999882
671,2019.0,邢台,3401.568333327
672,2019.0,那曲,64.737500015
673,2019.0,邯郸,2668.189722228
674,2019.0,邵阳,1565.251388936
675,2019.0,郑州,8208.093888596
676,2019.0,郴州,1818.2208334670001
677,2019.0,鄂尔多斯,1295.338611112
678,2019.0,鄂州,1215.437500002
679,2019.0,酒泉,587.050833292
680,2019.0,重庆,4800.792777881
681,2019.0,金华,3849.421666662
682,2019.0,金昌,202.381388901
683,2019.0,钦州,1010.32972223
684,2019.0,铁岭,1158.319166647
685,2019.0,铁门关,34.555833353
686,2019.0,铜仁,1121.101388977
687,2019.0,铜川,568.61555557
688,2019.0,铜陵,1097.058333337
689,2019.0,银川,1306.74777785
690,2019.0,锡林郭勒盟,406.77305554500003
691,2019.0,锦州,1644.792222214
692,2019.0,镇江,4647.719999746
693,2019.0,长春,2350.713888967
694,2019.0,长沙,6083.090555617
695,2019.0,长治,1249.381944349
696,2019.0,阜新,671.321666729
697,2019.0,阜阳,2278.614166846
698,2019.0,防城港,410.366388918
699,2019.0,阳江,2016.573055719
700,2019.0,阳泉,733.056111041
701,2019.0,阿克苏,275.214722222
702,2019.0,阿勒泰,127.085555552
703,2019.0,阿坝藏族羌族,510.97111108300004
704,2019.0,阿拉善盟,333.128888895
705,2019.0,阿拉尔,62.02111112
706,2019.0,阿里,9.586944469
707,2019.0,陇南,361.047500013
708,2019.0,陵水黎族自治县,331.699722215
709,2019.0,随州,989.751111131
710,2019.0,雅安,1146.336111137
711,2019.0,青岛,4081.509722208
712,2019.0,鞍山,1534.389722288
713,2019.0,韶关,2336.823333428
714,2019.0,马鞍山,2204.548888847
715,2019.0,驻马店,1989.674722259
716,2019.0,鸡西,145.027500008
717,2019.0,鹤壁,1007.9572222190001
718,2019.0,鹤岗,113.322222225
719,2019.0,鹰潭,752.960000019
720,2019.0,黄冈,2821.926111057
721,2019.0,黄南藏族,54.768055569
722,2019.0,黄山,856.108055585
723,2019.0,黄石,1026.393055589
724,2019.0,黑河,171.101111126
725,2019.0,黔东南苗族侗族,1180.893611075
726,2019.0,黔南布依族苗族,2440.0505559450003
727,2019.0,黔西南布依族苗族,643.107500005
728,2019.0,齐齐哈尔,531.987777746
729,2019.0,龙岩,684.883055539
730,2020.0,七台河,127.58861112
731,2020.0,万宁,288.406388903
732,2020.0,三亚,573.293888916
733,2020.0,三明,1043.885277801
734,2020.0,三门峡,1517.96277782
735,2020.0,上海,12614.88333262
736,2020.0,上饶,3006.519166736
737,2020.0,东方,135.628055559
738,2020.0,东莞,25996.729441718
739,2020.0,东营,2146.191944395
740,2020.0,中卫,935.875833403
741,2020.0,中山,8726.978888778
742,2020.0,临夏回族,325.82833337200003
743,2020.0,临汾,1807.834166668
744,2020.0,临沂,5887.597777768
745,2020.0,临沧,142.140555545
746,2020.0,临高县,152.709444444
747,2020.0,丹东,390.219166677
748,2020.0,丽水,1321.762500046
749,2020.0,丽江,331.09444443900003
750,2020.0,乌兰察布,1036.729166662
751,2020.0,乌海,361.62166669
752,2020.0,乌鲁木齐,1382.6099999970002
753,2020.0,乐东黎族自治县,196.855833339
754,2020.0,乐山,1382.835277728
755,2020.0,九江,2430.511944471
756,2020.0,云浮,2941.623055529
757,2020.0,五家渠,179.076388852
758,2020.0,五指山,80.233055566
759,2020.0,亳州,2431.293055618
760,2020.0,仙桃,1047.418055592
761,2020.0,伊春,133.335555568
762,2020.0,伊犁哈萨克,295.928611105
763,2020.0,佛山,22718.345828448
764,2020.0,佳木斯,368.405555539
765,2020.0,保亭黎族苗族自治县,97.22833334500001
766,2020.0,保定,7008.625278367
767,2020.0,保山,338.761111146
768,2020.0,信阳,2199.647222173
769,2020.0,儋州,303.695000052
770,2020.0,克孜勒苏柯尔克孜,74.68055556099999
771,2020.0,克拉玛依,168.486666668
772,2020.0,六安,2948.115277719
773,2020.0,六盘水,1102.91305555
774,2020.0,兰州,1596.508055535
775,2020.0,兴安盟,386.223055556
776,2020.0,内江,1662.6272222999999
777,2020.0,凉山彝族,661.288888896
778,2020.0,包头,726.380277791
779,2020.0,北京,9992.922778873
780,2020.0,北屯,36.572222239
781,2020.0,北海,768.4919443780001
782,2020.0,十堰,711.929166692
783,2020.0,南京,9604.877499369
784,2020.0,南充,1820.214444536
785,2020.0,南宁,3644.487500054
786,2020.0,南平,1101.936944477
787,2020.0,南昌,3516.084166633
788,2020.0,南通,5389.356111879
789,2020.0,南阳,2893.536111133
790,2020.0,博尔塔拉蒙古,123.650277778
791,2020.0,厦门,3366.9563885879998
792,2020.0,双河,48.351388915
793,2020.0,双鸭山,189.76166669900002
794,2020.0,可克达拉,56.31583336599999
795,2020.0,台州,2865.753611112
796,2020.0,合肥,7067.9350003770005
797,2020.0,吉安,1976.031666678
798,2020.0,吉林,860.59583333
799,2020.0,吐鲁番,417.768611074
800,2020.0,吕梁,1655.969722252
801,2020.0,吴忠,1394.411111067
802,2020.0,周口,3404.7147221
803,2020.0,呼伦贝尔,229.478333326
804,2020.0,呼和浩特,1231.158055581
805,2020.0,和田,96.328055554
806,2020.0,咸宁,1525.732500037
807,2020.0,咸阳,6727.4669444930005
808,2020.0,哈密,437.063888889
809,2020.0,哈尔滨,1881.3719443880002
810,2020.0,唐山,4738.418332868
811,2020.0,商丘,3571.671388869
812,2020.0,商洛,1111.300555526
813,2020.0,喀什,172.78
814,2020.0,嘉兴,9491.511944501
815,2020.0,嘉峪关,241.080277756
816,2020.0,四平,1529.73194443
817,2020.0,固原,577.682777819
818,2020.0,图木舒克,19.652500022999998
819,2020.0,塔城,362.543611115
820,2020.0,大兴安岭,27.797222235
821,2020.0,大同,1307.168611145
822,2020.0,大庆,851.714722309
823,2020.0,大理白族,957.374722184
824,2020.0,大连,750.336666666
825,2020.0,天水,653.4711110979999
826,2020.0,天津,9158.418055719
827,2020.0,天门,602.758611119
828,2020.0,太原,4165.282499634
829,2020.0,威海,780.470555544
830,2020.0,娄底,1506.609444515
831,2020.0,孝感,2567.126944102
832,2020.0,宁德,1190.398611091
833,2020.0,宁波,4855.750277777
834,2020.0,安庆,2221.5300001
835,2020.0,安康,1196.665277843
836,2020.0,安阳,2653.669722148
837,2020.0,安顺,1802.748333352
838,2020.0,定安县,216.934166668
839,2020.0,定西,893.954722192
840,2020.0,宜宾,1237.62833324
841,2020.0,宜昌,1407.868611127
842,2020.0,宜春,2812.711944417
843,2020.0,宝鸡,1064.809166663
844,2020.0,宣城,2481.387500131
845,2020.0,宿州,3509.795555558
846,2020.0,宿迁,3501.153333315
847,2020.0,屯昌县,124.176111126
848,2020.0,山南,85.010555561
849,2020.0,岳阳,2781.505277746
850,2020.0,崇左,668.6544444269999
851,2020.0,巴中,716.009444447
852,2020.0,巴彦淖尔,410.007777773
853,2020.0,巴音郭楞蒙古,355.79527777
854,2020.0,常州,8239.360834068
855,2020.0,常德,2015.625000067
856,2020.0,平凉,781.150555556
857,2020.0,平顶山,2382.1769445209998
858,2020.0,广元,911.043055534
859,2020.0,广安,1327.195000022
860,2020.0,广州,30023.576662916
861,2020.0,庆阳,345.289444432
862,2020.0,廊坊,8871.858889482
863,2020.0,延安,1111.818055509
864,2020.0,延边朝鲜族,227.488333327
865,2020.0,开封,3981.295556084
866,2020.0,张家口,2107.53833327
867,2020.0,张家界,496.345000031
868,2020.0,张掖,519.66972219
869,2020.0,徐州,4989.816389002
870,2020.0,德宏傣族景颇族,135.35583333
871,2020.0,德州,4967.940278232
872,2020.0,德阳,3496.5980556390004
873,2020.0,忻州,1694.892222291
874,2020.0,怀化,1695.4863889140001
875,2020.0,怒江傈僳族,50.055277784
876,2020.0,恩施土家族苗族,953.608888827
877,2020.0,惠州,12692.849167173
878,2020.0,成都,11013.503611762
879,2020.0,扬州,5030.716111134
880,2020.0,承德,1625.015555503
881,2020.0,抚州,2305.678611145
882,2020.0,抚顺,1072.316944416
883,2020.0,拉萨,237.171666659
884,2020.0,揭阳,2800.346111211
885,2020.0,攀枝花,307.220833329
886,2020.0,文山壮族苗族,486.753888893
887,2020.0,文昌,255.58916663099998
888,2020.0,新乡,4211.427777578
889,2020.0,新余,765.047222203
890,2020.0,无锡,12761.322222837
891,2020.0,日喀则,56.797222231
892,2020.0,日照,2756.238055524
893,2020.0,昆明,3705.929166698
894,2020.0,昆玉,9.596944468
895,2020.0,昌吉回族,1040.849166654
896,2020.0,昌江黎族自治县,96.95805556399999
897,2020.0,昌都,122.433888887
898,2020.0,昭通,929.211111081
899,2020.0,晋中,3997.728055863
900,2020.0,晋城,956.99472224
901,2020.0,普洱,321.639444515
902,2020.0,景德镇,1053.304166646
903,2020.0,曲靖,1819.096388928
904,2020.0,朔州,1048.178055535
905,2020.0,朝阳,920.245555566
906,2020.0,本溪,579.498055611
907,2020.0,来宾,1149.217500019
908,2020.0,杭州,13751.585832932
909,2020.0,松原,1304.776388984
910,2020.0,林芝,102.965000009
911,2020.0,果洛藏族,54.761388888999996
912,2020.0,枣庄,1823.657222238
913,2020.0,柳州,1792.330277839
914,2020.0,株洲,2944.2930553280003
915,2020.0,桂林,1958.726111067
916,2020.0,梅州,1586.55666674
917,2020.0,梧州,1718.353055473
918,2020.0,楚雄彝族,960.351111089
919,2020.0,榆林,1789.601666721
920,2020.0,武威,589.204166675
921,2020.0,武汉,6093.83444473
922,2020.0,毕节,2034.596944299
923,2020.0,永州,1855.656389016
924,2020.0,汉中,1301.382499984
925,2020.0,汕头,2315.563055619
926,2020.0,汕尾,1726.652500095
927,2020.0,江门,6148.319722720999
928,2020.0,池州,1557.517500082
929,2020.0,沈阳,5119.559166476
930,2020.0,沧州,6832.480833743
931,2020.0,河池,905.127222177
932,2020.0,河源,2763.752777884
933,2020.0,泉州,3026.656666427
934,2020.0,泰安,3573.9124998810003
935,2020.0,泰州,5346.066111109
936,2020.0,泸州,1684.818611139
937,2020.0,洛阳,2735.472777902
938,2020.0,济南,8744.470000292
939,2020.0,济宁,4688.476666726
940,2020.0,济源,663.891388852
941,2020.0,海东,890.5511110580001
942,2020.0,海北藏族,160.751388899
943,2020.0,海南藏族,391.193611098
944,2020.0,海口,1397.5052777820001
945,2020.0,海西蒙古族藏族,379.51916667800003
946,2020.0,淄博,4054.191388993
947,2020.0,淮北,1414.2980556349999
948,2020.0,淮南,1963.935
949,2020.0,淮安,4667.275555561
950,2020.0,深圳,21036.486106468
951,2020.0,清远,5492.540555305
952,2020.0,温州,2647.731944445
953,2020.0,渭南,2838.768611523
954,2020.0,湖州,6196.169444121
955,2020.0,湘潭,3177.914444879
956,2020.0,湘西土家族苗族,1217.9847222390001
957,2020.0,湛江,1920.970833315
958,2020.0,滁州,5566.043888812
959,2020.0,滨州,4563.962777715
960,2020.0,漯河,1527.676944418
961,2020.0,漳州,2586.090555874
962,2020.0,潍坊,6156.56444465
963,2020.0,潜江,582.131388863
964,2020.0,潮州,1492.022499978
965,2020.0,澄迈县,544.845833335
966,2020.0,濮阳,2245.099444304
967,2020.0,烟台,2205.611944368
968,2020.0,焦作,2395.703055526
969,2020.0,牡丹江,218.807777783
970,2020.0,玉林,1483.398333314
971,2020.0,玉树藏族,59.769722232
972,2020.0,玉溪,1211.006944477
973,2020.0,珠海,3568.604444189
974,2020.0,琼中黎族苗族自治县,130.185833336
975,2020.0,琼海,330.152777727
976,2020.0,甘南藏族,185.463888889
977,2020.0,甘孜藏族,342.958333326
978,2020.0,白城,474.93777777599996
979,2020.0,白山,236.09888890300002
980,2020.0,白沙黎族自治县,54.206388912
981,2020.0,白银,719.273055555
982,2020.0,百色,1136.466944424
983,2020.0,益阳,1902.373888974
984,2020.0,盐城,4439.812500042
985,2020.0,盘锦,1641.707222146
986,2020.0,眉山,3141.826389377
987,2020.0,石嘴山,599.5758333379999
988,2020.0,石家庄,4968.155000046
989,2020.0,石河子,212.48472221999998
990,2020.0,神农架林区,42.688055565
991,2020.0,福州,2042.435277756
992,2020.0,秦皇岛,2271.630833223
993,2020.0,红河哈尼族彝族,813.8791666889999
994,2020.0,绍兴,7140.384722578
995,2020.0,绥化,1222.74472227
996,2020.0,绵阳,2258.836944481
997,2020.0,聊城,3866.618055657
998,2020.0,肇庆,5266.859444412
999,2020.0,胡杨河,51.605277794
1000,2020.0,自贡,1336.625277693
1001,2020.0,舟山,638.461388847
1002,2020.0,芜湖,2610.662777793
1003,2020.0,苏州,18650.338333783002
1004,2020.0,茂名,2336.181666551
1005,2020.0,荆州,2149.556388811
1006,2020.0,荆门,1530.8691667120002
1007,2020.0,莆田,1101.870555602
1008,2020.0,菏泽,3905.806666637
1009,2020.0,萍乡,836.222777745
1010,2020.0,营口,1190.902499944
1011,2020.0,葫芦岛,2289.271111101
1012,2020.0,蚌埠,2380.035000015
1013,2020.0,衡水,3738.232777736
1014,2020.0,衡阳,2741.025555637
1015,2020.0,衢州,2908.34722229
1016,2020.0,襄阳,1780.89083331
1017,2020.0,西双版纳傣族,169.463333332
1018,2020.0,西宁,1020.1152777809999
1019,2020.0,西安,9409.004444532
1020,2020.0,许昌,3216.646943937
1021,2020.0,贵港,1530.33166664
1022,2020.0,贵阳,4811.229722033
1023,2020.0,贺州,1122.872500051
1024,2020.0,资阳,1564.4850000489998
1025,2020.0,赣州,3337.31944457
1026,2020.0,赤峰,994.098333332
1027,2020.0,辽源,338.08722223399997
1028,2020.0,辽阳,1309.8269444710002
1029,2020.0,达州,1233.14472214
1030,2020.0,运城,1512.885277735
1031,2020.0,连云港,3742.467222224
1032,2020.0,迪庆藏族,93.80000000000001
1033,2020.0,通化,515.630277771
1034,2020.0,通辽,904.746111134
1035,2020.0,遂宁,1551.388888905
1036,2020.0,遵义,2488.240277811
1037,2020.0,邢台,4369.844722427
1038,2020.0,那曲,84.977499998
1039,2020.0,邯郸,3421.1497221530003
1040,2020.0,邵阳,1864.548055607
1041,2020.0,郑州,9463.285000108
1042,2020.0,郴州,2109.885555568
1043,2020.0,鄂尔多斯,1600.275555509
1044,2020.0,鄂州,1223.659722167
1045,2020.0,酒泉,749.215277815
1046,2020.0,重庆,5496.528055567
1047,2020.0,金华,5021.985277682
1048,2020.0,金昌,275.985833349
1049,2020.0,钦州,1188.536666685
1050,2020.0,铁岭,1446.566111053
1051,2020.0,铁门关,43.189166691
1052,2020.0,铜仁,1325.561111061
1053,2020.0,铜川,703.1394444489999
1054,2020.0,铜陵,1218.513055613
1055,2020.0,银川,1546.838888858
1056,2020.0,锡林郭勒盟,491.13999999000004
1057,2020.0,锦州,2081.729999893
1058,2020.0,镇江,5310.163610941
1059,2020.0,长春,2714.028333348
1060,2020.0,长沙,7331.939167187
1061,2020.0,长治,1534.167777717
1062,2020.0,阜新,966.758888929
1063,2020.0,阜阳,2622.646666673
1064,2020.0,防城港,452.92111118500003
1065,2020.0,阳江,2318.913055536
1066,2020.0,阳泉,867.449166703
1067,2020.0,阿克苏,283.141111106
1068,2020.0,阿勒泰,96.814166667
1069,2020.0,阿坝藏族羌族,516.635555515
1070,2020.0,阿拉善盟,405.940000019
1071,2020.0,阿拉尔,68.931944462
1072,2020.0,阿里,11.933611125
1073,2020.0,陇南,480.365277784
1074,2020.0,陵水黎族自治县,347.667222185
1075,2020.0,随州,1053.506944467
1076,2020.0,雅安,1226.22916669
1077,2020.0,青岛,4623.341111465
1078,2020.0,鞍山,1954.9538888460002
1079,2020.0,韶关,2841.6066665920002
1080,2020.0,马鞍山,2489.587777736
1081,2020.0,驻马店,2605.582222196
1082,2020.0,鸡西,142.812777783
1083,2020.0,鹤壁,1235.772222304
1084,2020.0,鹤岗,115.521666669
1085,2020.0,鹰潭,959.534444437
1086,2020.0,黄冈,2862.862777674
1087,2020.0,黄南藏族,66.392777792
1088,2020.0,黄山,911.2597221679999
1089,2020.0,黄石,1176.57000004
1090,2020.0,黑河,174.381944453
1091,2020.0,黔东南苗族侗族,1442.28222227
1092,2020.0,黔南布依族苗族,2904.436111465
1093,2020.0,黔西南布依族苗族,820.853611146
1094,2020.0,齐齐哈尔,598.923611131
1095,2020.0,龙岩,797.997777853
1096,2021.0,七台河,143.958333331
1097,2021.0,万宁,418.583055553
1098,2021.0,三亚,857.750555555
1099,2021.0,三明,1217.344722259
1100,2021.0,三门峡,1726.43027777
1101,2021.0,上海,14690.474167019
1102,2021.0,上饶,3581.3869443549997
1103,2021.0,东方,194.709166659
1104,2021.0,东莞,30550.93750044
1105,2021.0,东营,2392.675000043
1106,2021.0,中卫,1136.948611058
1107,2021.0,中山,10946.088611535
1108,2021.0,临夏回族,419.567222208
1109,2021.0,临汾,2058.558888942
1110,2021.0,临沂,7288.572499862
1111,2021.0,临沧,153.813611112
1112,2021.0,临高县,223.906944444
1113,2021.0,丹东,452.978888875
1114,2021.0,丽水,1566.016111065
1115,2021.0,丽江,372.754722228
1116,2021.0,乌兰察布,1130.683055581
1117,2021.0,乌海,448.064166675
1118,2021.0,乌鲁木齐,2142.256666572
1119,2021.0,乐东黎族自治县,285.360833344
1120,2021.0,乐山,1742.640277837
1121,2021.0,九江,2814.583333286
1122,2021.0,云浮,3050.776666544
1123,2021.0,五家渠,290.335277733
1124,2021.0,五指山,126.94888889900001
1125,2021.0,亳州,2797.551944533
1126,2021.0,仙桃,1296.886944428
1127,2021.0,伊春,152.244166671
1128,2021.0,伊犁哈萨克,467.84027776899995
1129,2021.0,佛山,26991.259447522
1130,2021.0,佳木斯,419.971944447
1131,2021.0,保亭黎族苗族自治县,161.843611116
1132,2021.0,保定,7824.846387864
1133,2021.0,保山,298.430277775
1134,2021.0,信阳,2660.145833236
1135,2021.0,儋州,496.265277758
1136,2021.0,克孜勒苏柯尔克孜,111.42472222800001
1137,2021.0,克拉玛依,286.829444423
1138,2021.0,六安,3563.395832912
1139,2021.0,六盘水,1211.244444487
1140,2021.0,兰州,1822.459166581
1141,2021.0,兴安盟,447.86166667000003
1142,2021.0,内江,1878.228611124
1143,2021.0,凉山彝族,760.401944363
1144,2021.0,包头,886.0788888989999
1145,2021.0,北京,11029.574999874
1146,2021.0,北屯,59.195000008
1147,2021.0,北海,987.265000116
1148,2021.0,十堰,886.518333348
1149,2021.0,南京,10393.548611257
1150,2021.0,南充,2168.991389019
1151,2021.0,南宁,4508.096666638
1152,2021.0,南平,1250.39722223
1153,2021.0,南昌,4295.202777753
1154,2021.0,南通,6206.447222067
1155,2021.0,南阳,3285.474166782
1156,2021.0,博尔塔拉蒙古,213.433055551
1157,2021.0,厦门,3993.713888707
1158,2021.0,双河,75.185277805
1159,2021.0,双鸭山,222.014722192
1160,2021.0,可克达拉,85.283055572
1161,2021.0,台州,3396.237222363
1162,2021.0,合肥,8395.614999384
1163,2021.0,吉安,2204.791388906
1164,2021.0,吉林,949.381388929
1165,2021.0,吐鲁番,527.591666713
1166,2021.0,吕梁,1956.86416676
1167,2021.0,吴忠,1691.0719444229999
1168,2021.0,周口,3804.35777776
1169,2021.0,呼伦贝尔,285.223888893
1170,2021.0,呼和浩特,1363.882222227
1171,2021.0,和田,140.25805555300002
1172,2021.0,咸宁,1896.653611109
1173,2021.0,咸阳,8273.172500515
1174,2021.0,哈密,574.327777792
1175,2021.0,哈尔滨,2032.604166693
1176,2021.0,唐山,5115.547778057
1177,2021.0,商丘,3851.423611115
1178,2021.0,商洛,1214.937777787
1179,2021.0,喀什,258.929166669
1180,2021.0,嘉兴,11194.713334369
1181,2021.0,嘉峪关,348.095277822
1182,2021.0,四平,1442.597499925
1183,2021.0,固原,675.9216666780001
1184,2021.0,图木舒克,35.200277792
1185,2021.0,塔城,572.525555539
1186,2021.0,大兴安岭,36.40916668
1187,2021.0,大同,1423.770833343
1188,2021.0,大庆,830.119999967
1189,2021.0,大理白族,960.216388942
1190,2021.0,大连,823.947777749
1191,2021.0,天水,607.980277767
1192,2021.0,天津,10347.472222582
1193,2021.0,天门,760.04972217
1194,2021.0,太原,5073.199722644001
1195,2021.0,威海,950.980833319
1196,2021.0,娄底,1656.90694445
1197,2021.0,孝感,3624.485277885
1198,2021.0,宁德,1448.635555477
1199,2021.0,宁波,5650.439444348
1200,2021.0,安庆,2720.320277914
1201,2021.0,安康,1277.907777867
1202,2021.0,安阳,2970.7055554930002
1203,2021.0,安顺,2005.327500075
1204,2021.0,定安县,309.8727778
1205,2021.0,定西,1033.56416659
1206,2021.0,宜宾,1553.839444541
1207,2021.0,宜昌,1770.10166669
1208,2021.0,宜春,3271.031110786
1209,2021.0,宝鸡,1394.976388879
1210,2021.0,宣城,2868.173611136
1211,2021.0,宿州,4238.714722062
1212,2021.0,宿迁,4081.829722203
1213,2021.0,屯昌县,180.060000003
1214,2021.0,山南,121.621666667
1215,2021.0,岳阳,3226.23527773
1216,2021.0,崇左,867.069166648
1217,2021.0,巴中,876.745000032
1218,2021.0,巴彦淖尔,499.048333375
1219,2021.0,巴音郭楞蒙古,546.480555591
1220,2021.0,常州,9464.033055814
1221,2021.0,常德,2252.476944479
1222,2021.0,平凉,915.76805557
1223,2021.0,平顶山,2687.799722237
1224,2021.0,广元,1018.836944512
1225,2021.0,广安,1532.629722207
1226,2021.0,广州,34722.496663658
1227,2021.0,庆阳,399.515277774
1228,2021.0,廊坊,10012.741666521
1229,2021.0,延安,1257.998888852
1230,2021.0,延边朝鲜族,277.268333327
1231,2021.0,开封,4439.788610817
1232,2021.0,张家口,2237.648889033
1233,2021.0,张家界,512.755555531
1234,2021.0,张掖,648.826388871
1235,2021.0,徐州,5634.053888711
1236,2021.0,德宏傣族景颇族,90.526666664
1237,2021.0,德州,5722.17888892
1238,2021.0,德阳,4401.377222364
1239,2021.0,忻州,2034.855833363
1240,2021.0,怀化,1820.06388885
1241,2021.0,怒江傈僳族,61.605277793999996
1242,2021.0,恩施土家族苗族,1096.443888905
1243,2021.0,惠州,15434.857778273
1244,2021.0,成都,13618.128888608
1245,2021.0,扬州,5125.164999861
1246,2021.0,承德,1734.949722159
1247,2021.0,抚州,2784.099166742
1248,2021.0,抚顺,1280.1474999939999
1249,2021.0,拉萨,323.150555572
1250,2021.0,揭阳,3579.374167175
1251,2021.0,攀枝花,343.58888890599997
1252,2021.0,文山壮族苗族,530.384444447
1253,2021.0,文昌,363.90638890500003
1254,2021.0,新乡,4672.616666452
1255,2021.0,新余,869.031111065
1256,2021.0,无锡,14410.985000373
1257,2021.0,日喀则,71.133333342
1258,2021.0,日照,3045.89388891
1259,2021.0,昆明,4145.594444316
1260,2021.0,昆玉,14.252222248999999
1261,2021.0,昌吉回族,1732.095277326
1262,2021.0,昌江黎族自治县,143.689166661
1263,2021.0,昌都,162.00194445399998
1264,2021.0,昭通,1044.643888896
1265,2021.0,晋中,4809.59083369
1266,2021.0,晋城,1017.922222224
1267,2021.0,普洱,417.344722247
1268,2021.0,景德镇,1239.845833333
1269,2021.0,曲靖,2085.059722242
1270,2021.0,朔州,1189.556666603
1271,2021.0,朝阳,1029.219444525
1272,2021.0,本溪,634.2433333340001
1273,2021.0,来宾,1416.859722203
1274,2021.0,杭州,16406.412221649
1275,2021.0,松原,1463.507222187
1276,2021.0,林芝,144.449444462
1277,2021.0,果洛藏族,71.782222232
1278,2021.0,枣庄,2212.806944452
1279,2021.0,柳州,2061.884166624
1280,2021.0,株洲,3323.22055595
1281,2021.0,桂林,2196.003611195
1282,2021.0,梅州,2039.8277776520001
1283,2021.0,梧州,2052.258055549
1284,2021.0,楚雄彝族,1037.930277779
1285,2021.0,榆林,2031.94833334
1286,2021.0,武威,718.682222293
1287,2021.0,武汉,8541.130833563
1288,2021.0,毕节,2228.4997223279997
1289,2021.0,永州,2048.102500011
1290,2021.0,汉中,1242.889444455
1291,2021.0,汕头,3131.396388835
1292,2021.0,汕尾,2106.398611171
1293,2021.0,江门,7781.419999639001
1294,2021.0,池州,1752.176388859
1295,2021.0,沈阳,5758.62250003
1296,2021.0,沧州,7650.256666909
1297,2021.0,河池,1130.428055581
1298,2021.0,河源,3381.241944517
1299,2021.0,泉州,3497.5038893130004
1300,2021.0,泰安,4560.598610851
1301,2021.0,泰州,5895.621944461
1302,2021.0,泸州,1859.924444455
1303,2021.0,洛阳,3262.416666632
1304,2021.0,济南,10074.102500415
1305,2021.0,济宁,5210.374444449
1306,2021.0,济源,770.341666647
1307,2021.0,海东,1046.300555578
1308,2021.0,海北藏族,177.834166657
1309,2021.0,海南藏族,452.992500039
1310,2021.0,海口,1943.962222292
1311,2021.0,海西蒙古族藏族,453.518888872
1312,2021.0,淄博,4729.106666171
1313,2021.0,淮北,1742.121944518
1314,2021.0,淮南,2461.38694458
1315,2021.0,淮安,5162.363611123
1316,2021.0,深圳,25224.437496295
1317,2021.0,清远,6387.577500184
1318,2021.0,温州,3099.475555543
1319,2021.0,渭南,3352.433055744
1320,2021.0,湖州,7497.348888759
1321,2021.0,湘潭,3674.17833293
1322,2021.0,湘西土家族苗族,1253.527500016
1323,2021.0,湛江,2335.8458333099998
1324,2021.0,滁州,6483.769444275
1325,2021.0,滨州,5208.446111129
1326,2021.0,漯河,1794.327777604
1327,2021.0,漳州,3116.805555484
1328,2021.0,潍坊,7026.992500003
1329,2021.0,潜江,748.473055613
1330,2021.0,潮州,1992.665555478
1331,2021.0,澄迈县,792.5586111309999
1332,2021.0,濮阳,2411.01333341
1333,2021.0,烟台,2601.764999979
1334,2021.0,焦作,2625.256944485
1335,2021.0,牡丹江,264.434444456
1336,2021.0,玉林,2042.3663889670001
1337,2021.0,玉树藏族,67.071111121
1338,2021.0,玉溪,1447.388333284
1339,2021.0,珠海,4640.566111043
1340,2021.0,琼中黎族苗族自治县,196.874999982
1341,2021.0,琼海,448.110833377
1342,2021.0,甘南藏族,253.618333331
1343,2021.0,甘孜藏族,473.183333342
1344,2021.0,白城,612.39694436
1345,2021.0,白山,288.225833346
1346,2021.0,白沙黎族自治县,103.470277793
1347,2021.0,白银,881.92500002
1348,2021.0,百色,1332.738333304
1349,2021.0,益阳,2163.712500456
1350,2021.0,盐城,5291.483888982
1351,2021.0,盘锦,1980.546388855
1352,2021.0,眉山,4209.459722396
1353,2021.0,石嘴山,676.6883333420001
1354,2021.0,石家庄,5249.169722255
1355,2021.0,石河子,334.560833357
1356,2021.0,神农架林区,46.782777783
1357,2021.0,福州,2398.611666548
1358,2021.0,秦皇岛,2586.586111244
1359,2021.0,红河哈尼族彝族,966.337500017
1360,2021.0,绍兴,8621.209721755
1361,2021.0,绥化,1296.2986111940002
1362,2021.0,绵阳,2655.2269441939998
1363,2021.0,聊城,4227.359722247
1364,2021.0,肇庆,6436.37166727
1365,2021.0,胡杨河,78.568888901
1366,2021.0,自贡,1620.217499962
1367,2021.0,舟山,785.490277798
1368,2021.0,芜湖,3075.973611146
1369,2021.0,苏州,21389.640000046
1370,2021.0,茂名,2857.090277703
1371,2021.0,荆州,2669.291111029
1372,2021.0,荆门,1901.741944415
1373,2021.0,莆田,1282.739722155
1374,2021.0,菏泽,4384.254444396
1375,2021.0,萍乡,957.892777855
1376,2021.0,营口,1325.272499957
1377,2021.0,葫芦岛,2700.395000026
1378,2021.0,蚌埠,2934.2075000679997
1379,2021.0,衡水,3825.4363889369997
1380,2021.0,衡阳,3059.2555555100002
1381,2021.0,衢州,3425.919444336
1382,2021.0,襄阳,2221.844166585
1383,2021.0,西双版纳傣族,191.79638889
1384,2021.0,西宁,1203.943055488
1385,2021.0,西安,11199.056666871
1386,2021.0,许昌,3634.902778253
1387,2021.0,贵港,2003.844722151
1388,2021.0,贵阳,5303.257777778
1389,2021.0,贺州,1216.88500003
1390,2021.0,资阳,2164.1191668760002
1391,2021.0,赣州,3744.776666753
1392,2021.0,赤峰,1096.419999905
1393,2021.0,辽源,398.490277788
1394,2021.0,辽阳,1453.793333337
1395,2021.0,达州,1348.913888824
1396,2021.0,运城,1679.766944434
1397,2021.0,连云港,4106.630833454
1398,2021.0,迪庆藏族,111.261944439
1399,2021.0,通化,621.591388836
1400,2021.0,通辽,1077.236944408
1401,2021.0,遂宁,1824.509722294
1402,2021.0,遵义,2687.62444431
1403,2021.0,邢台,4540.120277799
1404,2021.0,那曲,102.89750000100001
1405,2021.0,邯郸,3661.639722299
1406,2021.0,邵阳,2112.60361111
1407,2021.0,郑州,10695.11805517
1408,2021.0,郴州,2282.778888894
1409,2021.0,鄂尔多斯,1858.32666672
1410,2021.0,鄂州,1817.329166711
1411,2021.0,酒泉,994.7561111809999
1412,2021.0,重庆,6213.958333306
1413,2021.0,金华,5856.963333212
1414,2021.0,金昌,346.68055556400003
1415,2021.0,钦州,1561.178611054
1416,2021.0,铁岭,1624.109166672
1417,2021.0,铁门关,75.14472223199999
1418,2021.0,铜仁,1413.265555614
1419,2021.0,铜川,811.533888953
1420,2021.0,铜陵,1460.766666649
1421,2021.0,银川,1778.793611051
1422,2021.0,锡林郭勒盟,539.208888882
1423,2021.0,锦州,2478.730000022
1424,2021.0,镇江,5924.958332888
1425,2021.0,长春,2978.446944487
1426,2021.0,长沙,8463.050833329
1427,2021.0,长治,1635.13916659
1428,2021.0,阜新,1077.4238890269999
1429,2021.0,阜阳,3026.201388879
1430,2021.0,防城港,581.293055562
1431,2021.0,阳江,2544.197500144
1432,2021.0,阳泉,952.313888821
1433,2021.0,阿克苏,420.332500038
1434,2021.0,阿勒泰,162.71833333200001
1435,2021.0,阿坝藏族羌族,748.574444447
1436,2021.0,阿拉善盟,481.157777797
1437,2021.0,阿拉尔,115.163888903
1438,2021.0,阿里,17.464722233
1439,2021.0,陇南,504.593055534
1440,2021.0,陵水黎族自治县,513.071944461
1441,2021.0,随州,1310.381111105
1442,2021.0,雅安,1556.5844445270002
1443,2021.0,青岛,5457.381388101
1444,2021.0,鞍山,2188.074999961
1445,2021.0,韶关,3245.634166695
1446,2021.0,马鞍山,2897.542222259
1447,2021.0,驻马店,3097.011944353
1448,2021.0,鸡西,168.424444468
1449,2021.0,鹤壁,1408.295555615
1450,2021.0,鹤岗,140.001944443
1451,2021.0,鹰潭,1146.743055563
1452,2021.0,黄冈,3754.646666932
1453,2021.0,黄南藏族,88.063611118
1454,2021.0,黄山,1057.422777753
1455,2021.0,黄石,1588.908888896
1456,2021.0,黑河,189.927500007
1457,2021.0,黔东南苗族侗族,1593.385555602
1458,2021.0,黔南布依族苗族,3286.3205557670003
1459,2021.0,黔西南布依族苗族,936.791944501
1460,2021.0,齐齐哈尔,660.733055576
1461,2021.0,龙岩,885.4794444409999
1462,2022.0,七台河,102.17999999700001
1463,2022.0,万宁,387.767777776
1464,2022.0,三亚,765.697222194
1465,2022.0,三明,1225.116388932
1466,2022.0,三门峡,1232.761388865
1467,2022.0,上海,9539.295277433
1468,2022.0,上饶,3289.488055486
1469,2022.0,东方,197.313611102
1470,2022.0,东莞,28406.384165843
1471,2022.0,东营,1923.43055565
1472,2022.0,中卫,989.410555653
1473,2022.0,中山,10390.047222635
1474,2022.0,临夏回族,224.432222185
1475,2022.0,临汾,1582.382777768
1476,2022.0,临沂,5883.9005555700005
1477,2022.0,临沧,129.383888884
1478,2022.0,临高县,213.58222222199998
1479,2022.0,丹东,246.050555555
1480,2022.0,丽水,1444.968611177
1481,2022.0,丽江,338.432777732
1482,2022.0,乌兰察布,861.5369444950001
1483,2022.0,乌海,383.598055562
1484,2022.0,乌鲁木齐,1628.766944531
1485,2022.0,乐东黎族自治县,278.954722178
1486,2022.0,乐山,1445.280277764
1487,2022.0,九江,2618.664722249
1488,2022.0,云浮,2742.9255556069998
1489,2022.0,五家渠,251.426666616
1490,2022.0,五指山,117.555277773
1491,2022.0,亳州,2227.957777816
1492,2022.0,仙桃,1254.371944477
1493,2022.0,伊春,134.197777773
1494,2022.0,伊犁哈萨克,433.93833333699996
1495,2022.0,佛山,26388.715274717997
1496,2022.0,佳木斯,330.78555557199996
1497,2022.0,保亭黎族苗族自治县,140.57083333399999
1498,2022.0,保定,5880.685277805
1499,2022.0,保山,274.315555563
1500,2022.0,信阳,2138.326111055
1501,2022.0,儋州,428.636388868
1502,2022.0,克孜勒苏柯尔克孜,134.304999992
1503,2022.0,克拉玛依,233.154444439
1504,2022.0,六安,3218.352500214
1505,2022.0,六盘水,1047.709722249
1506,2022.0,兰州,1262.613611101
1507,2022.0,兴安盟,384.758888898
1508,2022.0,内江,1617.71805563
1509,2022.0,凉山彝族,681.21583332
1510,2022.0,包头,644.9827778289999
1511,2022.0,北京,5985.219999669
1512,2022.0,北屯,63.594722222
1513,2022.0,北海,604.868611115
1514,2022.0,十堰,729.631111167
1515,2022.0,南京,9184.076388704
1516,2022.0,南充,1907.952500054
1517,2022.0,南宁,3698.634722317
1518,2022.0,南平,1250.492500132
1519,2022.0,南昌,3632.184444476
1520,2022.0,南通,4844.870833295
1521,2022.0,南阳,2645.066666609
1522,2022.0,博尔塔拉蒙古,199.397777781
1523,2022.0,厦门,4084.7049993419996
1524,2022.0,双河,66.335277779
1525,2022.0,双鸭山,170.460555549
1526,2022.0,可克达拉,77.378333336
1527,2022.0,台州,3087.3513889289998
1528,2022.0,合肥,7714.0522216849995
1529,2022.0,吉安,2045.389999993
1530,2022.0,吉林,690.786388913
1531,2022.0,吐鲁番,485.446111141
1532,2022.0,吕梁,1610.6419443930001
1533,2022.0,吴忠,1551.964166665
1534,2022.0,周口,2842.182499975
1535,2022.0,呼伦贝尔,225.883888889
1536,2022.0,呼和浩特,1009.441111127
1537,2022.0,和田,118.562500009
1538,2022.0,咸宁,1804.211111148
1539,2022.0,咸阳,7429.122500105999
1540,2022.0,哈密,675.070555584
1541,2022.0,哈尔滨,1636.422777732
1542,2022.0,唐山,3625.931111137
1543,2022.0,商丘,2841.795277755
1544,2022.0,商洛,972.544444429
1545,2022.0,喀什,263.553055525
1546,2022.0,嘉兴,9504.985832766999
1547,2022.0,嘉峪关,246.79444442000002
1548,2022.0,四平,1221.45166663
1549,2022.0,固原,545.870000011
1550,2022.0,图木舒克,33.533888884999996
1551,2022.0,塔城,484.472222222
1552,2022.0,大兴安岭,27.527222227
1553,2022.0,大同,999.51944442
1554,2022.0,大庆,570.311944453
1555,2022.0,大理白族,942.775277796
1556,2022.0,大连,633.064722256
1557,2022.0,天水,398.404722208
1558,2022.0,天津,6955.841388003
1559,2022.0,天门,728.861111238
1560,2022.0,太原,3903.31944481
1561,2022.0,威海,735.856944406
1562,2022.0,娄底,1570.2430556069999
1563,2022.0,孝感,3267.419721741
1564,2022.0,宁德,1344.882777751
1565,2022.0,宁波,5224.106111154
1566,2022.0,安庆,2569.489444443
1567,2022.0,安康,905.124722174
1568,2022.0,安阳,2124.02777789
1569,2022.0,安顺,1779.549444517
1570,2022.0,定安县,293.811111142
1571,2022.0,定西,780.819999986
1572,2022.0,宜宾,1476.113333332
1573,2022.0,宜昌,1732.228888827
1574,2022.0,宜春,2898.705277709
1575,2022.0,宝鸡,1397.098333271
1576,2022.0,宣城,2464.245555648
1577,2022.0,宿州,3583.127222293
1578,2022.0,宿迁,3448.10999998
1579,2022.0,屯昌县,179.16361111199998
1580,2022.0,山南,79.486111114
1581,2022.0,岳阳,3103.132778029
1582,2022.0,崇左,634.481388864
1583,2022.0,巴中,768.645277738
1584,2022.0,巴彦淖尔,403.423055598
1585,2022.0,巴音郭楞蒙古,477.840277759
1586,2022.0,常州,8264.175833313
1587,2022.0,常德,2115.297222206
1588,2022.0,平凉,717.344166688
1589,2022.0,平顶山,1862.036944379
1590,2022.0,广元,812.169444401
1591,2022.0,广安,1314.569722251
1592,2022.0,广州,33011.547218481
1593,2022.0,庆阳,380.88888890199996
1594,2022.0,廊坊,6155.778332697
1595,2022.0,延安,1030.885277721
1596,2022.0,延边朝鲜族,200.43444445
1597,2022.0,开封,3187.3036106639997
1598,2022.0,张家口,1633.4747221769999
1599,2022.0,张家界,451.91249996
1600,2022.0,张掖,609.336388841
1601,2022.0,徐州,4488.221944413
1602,2022.0,德宏傣族景颇族,75.232777785
1603,2022.0,德州,4604.651389249
1604,2022.0,德阳,4006.3533330460004
1605,2022.0,忻州,1596.723055559
1606,2022.0,怀化,1935.572777747
1607,2022.0,怒江傈僳族,49.245277768
1608,2022.0,恩施土家族苗族,1030.535277749
1609,2022.0,惠州,14488.713611056
1610,2022.0,成都,11871.284166195
1611,2022.0,扬州,4312.661944602
1612,2022.0,承德,1295.725555548
1613,2022.0,抚州,2622.215000089
1614,2022.0,抚顺,976.535277759
1615,2022.0,拉萨,226.77055555700002
1616,2022.0,揭阳,3542.808889374
1617,2022.0,攀枝花,290.81555556
1618,2022.0,文山壮族苗族,455.604722227
1619,2022.0,文昌,358.167777744
1620,2022.0,新乡,3417.5113890410003
1621,2022.0,新余,778.251666621
1622,2022.0,无锡,11056.885000213
1623,2022.0,日喀则,52.685833338
1624,2022.0,日照,2497.960555601
1625,2022.0,昆明,3652.904999951
1626,2022.0,昆玉,15.623055551999999
1627,2022.0,昌吉回族,1339.079999944
1628,2022.0,昌江黎族自治县,151.025277781
1629,2022.0,昌都,140.770555551
1630,2022.0,昭通,989.717222214
1631,2022.0,晋中,3821.8344445059997
1632,2022.0,晋城,662.746111098
1633,2022.0,普洱,332.161388925
1634,2022.0,景德镇,1068.479999961
1635,2022.0,曲靖,1927.6330555069999
1636,2022.0,朔州,886.227500058
1637,2022.0,朝阳,783.844444459
1638,2022.0,本溪,397.417222266
1639,2022.0,来宾,1239.345555608
1640,2022.0,杭州,15789.004443189
1641,2022.0,松原,1174.632222293
1642,2022.0,林芝,101.77416666199998
1643,2022.0,果洛藏族,60.160277778
1644,2022.0,枣庄,1743.844722171
1645,2022.0,柳州,1789.714166621
1646,2022.0,株洲,3087.075277472
1647,2022.0,桂林,2040.348888932
1648,2022.0,梅州,1849.107222268
1649,2022.0,梧州,1808.927222307
1650,2022.0,楚雄彝族,1025.435000085
1651,2022.0,榆林,1927.235555436
1652,2022.0,武威,660.918611159
1653,2022.0,武汉,7711.503333003
1654,2022.0,毕节,1924.065277785
1655,2022.0,永州,1951.609166714
1656,2022.0,汉中,951.925833368
1657,2022.0,汕头,3242.0816665889997
1658,2022.0,汕尾,2055.940555389
1659,2022.0,江门,7210.94777736
1660,2022.0,池州,1567.883611053
1661,2022.0,沈阳,4585.38972218
1662,2022.0,沧州,5554.765277782
1663,2022.0,河池,1046.3883332980001
1664,2022.0,河源,3060.731111066
1665,2022.0,泉州,3388.801666731
1666,2022.0,泰安,3548.514999952
1667,2022.0,泰州,4618.131388932
1668,2022.0,泸州,1592.474722267
1669,2022.0,洛阳,2258.022500027
1670,2022.0,济南,7938.635833241
1671,2022.0,济宁,4069.955277758
1672,2022.0,济源,524.065277755
1673,2022.0,海东,639.1902777930001
1674,2022.0,海北藏族,114.184166672
1675,2022.0,海南藏族,273.291111113
1676,2022.0,海口,1920.283888961
1677,2022.0,海西蒙古族藏族,347.989722226
1678,2022.0,淄博,3968.69805553
1679,2022.0,淮北,1467.609444573
1680,2022.0,淮南,2138.70750013
1681,2022.0,淮安,4375.495277866
1682,2022.0,深圳,22780.267779399
1683,2022.0,清远,6309.2344444
1684,2022.0,温州,2913.610833379
1685,2022.0,渭南,2620.938333037
1686,2022.0,湖州,6767.682777574
1687,2022.0,湘潭,3506.744444606
1688,2022.0,湘西土家族苗族,1019.707777802
1689,2022.0,湛江,2167.934999929
1690,2022.0,滁州,5699.874999763
1691,2022.0,滨州,4158.153333181
1692,2022.0,漯河,1306.172499993
1693,2022.0,漳州,3209.08861167
1694,2022.0,潍坊,5875.477500302
1695,2022.0,潜江,697.933333289
1696,2022.0,潮州,2011.329166629
1697,2022.0,澄迈县,808.0091666709999
1698,2022.0,濮阳,1736.7694444879999
1699,2022.0,烟台,2109.707777696
1700,2022.0,焦作,1782.475555529
1701,2022.0,牡丹江,184.824999982
1702,2022.0,玉林,1751.755277828
1703,2022.0,玉树藏族,59.405833333
1704,2022.0,玉溪,1214.1261110799999
1705,2022.0,珠海,4349.326666944
1706,2022.0,琼中黎族苗族自治县,186.909722223
1707,2022.0,琼海,420.399444442
1708,2022.0,甘南藏族,128.261666663
1709,2022.0,甘孜藏族,440.286111103
1710,2022.0,白城,522.89527781
1711,2022.0,白山,211.855555555
1712,2022.0,白沙黎族自治县,83.914722215
1713,2022.0,白银,651.290833388
1714,2022.0,百色,1100.006111118
1715,2022.0,益阳,2039.239722141
1716,2022.0,盐城,4311.902499927
1717,2022.0,盘锦,1426.85638878
1718,2022.0,眉山,3484.269166476
1719,2022.0,石嘴山,610.083611072
1720,2022.0,石家庄,4432.365555448
1721,2022.0,石河子,242.410277762
1722,2022.0,神农架林区,46.45
1723,2022.0,福州,2300.939722334
1724,2022.0,秦皇岛,1754.304999969
1725,2022.0,红河哈尼族彝族,824.423333355
1726,2022.0,绍兴,8176.961943696
1727,2022.0,绥化,973.5847221820001
1728,2022.0,绵阳,2346.783333292
1729,2022.0,聊城,3529.352777631
1730,2022.0,肇庆,5896.835833795
1731,2022.0,胡杨河,55.467222230000004
1732,2022.0,自贡,1452.999722339
1733,2022.0,舟山,694.935833331
1734,2022.0,芜湖,2884.5480555540003
1735,2022.0,苏州,15659.788890249
1736,2022.0,茂名,2570.0100000029997
1737,2022.0,荆州,2572.052222302
1738,2022.0,荆门,1821.138888899
1739,2022.0,莆田,1245.779722208
1740,2022.0,菏泽,3327.782777721
1741,2022.0,萍乡,932.336944397
1742,2022.0,营口,959.679999924
1743,2022.0,葫芦岛,1867.432499968
1744,2022.0,蚌埠,2555.80916665
1745,2022.0,衡水,2901.495277686
1746,2022.0,衡阳,3166.708333329
1747,2022.0,衢州,3028.213055621
1748,2022.0,襄阳,2003.150555545
1749,2022.0,西双版纳傣族,135.811666667
1750,2022.0,西宁,710.306388987
1751,2022.0,西安,9434.083333187
1752,2022.0,许昌,2446.8513889319997
1753,2022.0,贵港,1729.548055538
1754,2022.0,贵阳,4523.030277218
1755,2022.0,贺州,1132.928888895
1756,2022.0,资阳,1816.038333406
1757,2022.0,赣州,3596.946388947
1758,2022.0,赤峰,892.469722147
1759,2022.0,辽源,333.257777783
1760,2022.0,辽阳,1032.007500052
1761,2022.0,达州,1203.142499968
1762,2022.0,运城,1170.116666694
1763,2022.0,连云港,3233.656944409
1764,2022.0,迪庆藏族,116.623888892
1765,2022.0,通化,492.229444449
1766,2022.0,通辽,910.998888861
1767,2022.0,遂宁,1644.292222234
1768,2022.0,遵义,2508.460833445
1769,2022.0,邢台,3617.423055693
1770,2022.0,那曲,92.961666671
1771,2022.0,邯郸,2821.615555587
1772,2022.0,邵阳,2032.706666803
1773,2022.0,郑州,7329.513055449001
1774,2022.0,郴州,2453.167777751
1775,2022.0,鄂尔多斯,1669.371944408
1776,2022.0,鄂州,1648.756111116
1777,2022.0,酒泉,927.293611162
1778,2022.0,重庆,5582.31083316
1779,2022.0,金华,5223.517499801
1780,2022.0,金昌,313.002777792
1781,2022.0,钦州,1051.133333384
1782,2022.0,铁岭,1357.586666607
1783,2022.0,铁门关,57.786388892
1784,2022.0,铜仁,1402.4652778480001
1785,2022.0,铜川,622.253611092
1786,2022.0,铜陵,1233.313611152
1787,2022.0,银川,1596.7552777509998
1788,2022.0,锡林郭勒盟,433.978055573
1789,2022.0,锦州,1768.585277709
1790,2022.0,镇江,4967.807777734
1791,2022.0,长春,2487.630833398
1792,2022.0,长沙,8163.902777671
1793,2022.0,长治,1185.548611128
1794,2022.0,阜新,835.947499989
1795,2022.0,阜阳,2561.330277728
1796,2022.0,防城港,259.913888887
1797,2022.0,阳江,2143.275000023
1798,2022.0,阳泉,715.874444465
1799,2022.0,阿克苏,394.031388859
1800,2022.0,阿勒泰,162.06138890000003
1801,2022.0,阿坝藏族羌族,606.5663889399999
1802,2022.0,阿拉善盟,433.367777794
1803,2022.0,阿拉尔,112.30833333599999
1804,2022.0,阿里,12.781666667
1805,2022.0,陇南,375.009166686
1806,2022.0,陵水黎族自治县,480.22444443599994
1807,2022.0,随州,1105.573333261
1808,2022.0,雅安,1346.451666645
1809,2022.0,青岛,4626.02916603
1810,2022.0,鞍山,1536.728333213
1811,2022.0,韶关,2750.326388771
1812,2022.0,马鞍山,2445.746666636
1813,2022.0,驻马店,2486.154722127
1814,2022.0,鸡西,119.27861111
1815,2022.0,鹤壁,990.5136111
1816,2022.0,鹤岗,112.879444447
1817,2022.0,鹰潭,1003.881944416
1818,2022.0,黄冈,3592.80944494
1819,2022.0,黄南藏族,48.308333337
1820,2022.0,黄山,913.626944359
1821,2022.0,黄石,1568.185277754
1822,2022.0,黑河,159.327222223
1823,2022.0,黔东南苗族侗族,1521.030555602
1824,2022.0,黔南布依族苗族,2939.861667171
1825,2022.0,黔西南布依族苗族,821.9030555329999
1826,2022.0,齐齐哈尔,565.978611104
1827,2022.0,龙岩,886.22861113
1828,2023.0,七台河,170.357499992
1829,2023.0,万宁,733.0433332499999
1830,2023.0,三亚,1396.122222324
1831,2023.0,三明,1636.763333356
1832,2023.0,三门峡,2271.860833304
1833,2023.0,上海,19335.465277937
1834,2023.0,上饶,4864.174444328
1835,2023.0,东方,301.962222224
1836,2023.0,东莞,40934.092220754
1837,2023.0,东营,2789.309444437
1838,2023.0,中卫,1620.492499968
1839,2023.0,中山,15975.634443943
1840,2023.0,临夏回族,636.321944464
1841,2023.0,临汾,2540.106666658
1842,2023.0,临沂,9207.320000235
1843,2023.0,临沧,217.739166656
1844,2023.0,临高县,420.782500022
1845,2023.0,丹东,648.283888889
1846,2023.0,丽水,2141.750833281
1847,2023.0,丽江,814.228888819
1848,2023.0,乌兰察布,1617.959999939
1849,2023.0,乌海,628.321388877
1850,2023.0,乌鲁木齐,3552.6169439749997
1851,2023.0,乐东黎族自治县,440.881388935
1852,2023.0,乐山,2438.493333338
1853,2023.0,九江,3826.73749965
1854,2023.0,云浮,4088.63749995
1855,2023.0,五家渠,563.968888867
1856,2023.0,五指山,193.351666676
1857,2023.0,亳州,3546.156111229
1858,2023.0,仙桃,1692.73500003
1859,2023.0,伊春,241.764444449
1860,2023.0,伊犁哈萨克,1060.919166651
1861,2023.0,佛山,37932.69166913
1862,2023.0,佳木斯,580.843888919
1863,2023.0,保亭黎族苗族自治县,263.382777806
1864,2023.0,保定,10350.364722201
1865,2023.0,保山,530.558611161
1866,2023.0,信阳,3463.999166591
1867,2023.0,儋州,700.666111132
1868,2023.0,克孜勒苏柯尔克孜,396.501944448
1869,2023.0,克拉玛依,543.178611137
1870,2023.0,六安,4685.605555911
1871,2023.0,六盘水,1496.698055676
1872,2023.0,兰州,2601.328055643
1873,2023.0,兴安盟,662.6766666020001
1874,2023.0,内江,2395.058611048
1875,2023.0,凉山彝族,1093.408611159
1876,2023.0,包头,1325.026666739
1877,2023.0,北京,15999.54027764
1878,2023.0,北屯,128.994999979
1879,2023.0,北海,1170.32888881
1880,2023.0,十堰,1169.3813889150001
1881,2023.0,南京,14190.294722438999
1882,2023.0,南充,2730.198333425
1883,2023.0,南宁,5600.673333363
1884,2023.0,南平,1639.201944502
1885,2023.0,南昌,5590.490555769001
1886,2023.0,南通,7503.110278159
1887,2023.0,南阳,4202.628888788
1888,2023.0,博尔塔拉蒙古,504.064166648
1889,2023.0,厦门,6029.421389249001
1890,2023.0,双河,133.10777782099998
1891,2023.0,双鸭山,292.369444478
1892,2023.0,可克达拉,192.591666712
1893,2023.0,台州,4338.2791667989995
1894,2023.0,合肥,11434.606944811001
1895,2023.0,吉安,2857.220833353
1896,2023.0,吉林,1267.382500032
1897,2023.0,吐鲁番,964.416666696
1898,2023.0,吕梁,2548.745833253
1899,2023.0,吴忠,2469.977222016
1900,2023.0,周口,4848.759166611
1901,2023.0,呼伦贝尔,464.76444441
1902,2023.0,呼和浩特,1957.758611233
1903,2023.0,和田,264.670277789
1904,2023.0,咸宁,2425.485000056
1905,2023.0,咸阳,11979.501944606
1906,2023.0,哈密,1080.283611054
1907,2023.0,哈尔滨,2994.191944453
1908,2023.0,唐山,6282.603888410001
1909,2023.0,商丘,5072.6255555239995
1910,2023.0,商洛,1677.346944386
1911,2023.0,喀什,661.976944439
1912,2023.0,嘉兴,15136.425556305
1913,2023.0,嘉峪关,532.121666636
1914,2023.0,四平,1914.986666695
1915,2023.0,固原,948.006388848
1916,2023.0,图木舒克,82.749166665
1917,2023.0,塔城,1132.061111099
1918,2023.0,大兴安岭,67.741944445
1919,2023.0,大同,1950.4975000470001
1920,2023.0,大庆,1192.423333336
1921,2023.0,大理白族,1661.133888892
1922,2023.0,大连,1266.846388856
1923,2023.0,天水,778.712222185
1924,2023.0,天津,12932.951945275
1925,2023.0,天门,1035.250277681
1926,2023.0,太原,6991.917777000001
1927,2023.0,威海,1424.106111204
1928,2023.0,娄底,2156.454999992
1929,2023.0,孝感,4799.295833221
1930,2023.0,宁德,1963.558055519
1931,2023.0,宁波,7591.939999339001
1932,2023.0,安庆,3451.568888876
1933,2023.0,安康,1486.027777807
1934,2023.0,安阳,3900.933333349
1935,2023.0,安顺,2716.440832953
1936,2023.0,定安县,557.205277759
1937,2023.0,定西,1460.026111048
1938,2023.0,宜宾,2149.492222238
1939,2023.0,宜昌,2331.157777644
1940,2023.0,宜春,4242.055555759
1941,2023.0,宝鸡,2339.608333227
1942,2023.0,宣城,4016.662222222
1943,2023.0,宿州,5438.796110764
1944,2023.0,宿迁,5343.656388917
1945,2023.0,屯昌县,302.79166664
1946,2023.0,山南,192.551111066
1947,2023.0,岳阳,4313.031388705
1948,2023.0,崇左,1153.712499992
1949,2023.0,巴中,1118.226111066
1950,2023.0,巴彦淖尔,754.023611126
1951,2023.0,巴音郭楞蒙古,986.709999956
1952,2023.0,常州,13190.113333315
1953,2023.0,常德,2796.868888895
1954,2023.0,平凉,1218.129444502
1955,2023.0,平顶山,3414.639166678
1956,2023.0,广元,1282.243888948
1957,2023.0,广安,2008.4597221939998
1958,2023.0,广州,48525.828056825005
1959,2023.0,庆阳,635.39694448
1960,2023.0,廊坊,12831.259999330001
1961,2023.0,延安,1630.3816667029998
1962,2023.0,延边朝鲜族,460.474166673
1963,2023.0,开封,6046.323611171
1964,2023.0,张家口,3149.357222276
1965,2023.0,张家界,720.113888822
1966,2023.0,张掖,1061.701388811
1967,2023.0,徐州,7335.933055452
1968,2023.0,德宏傣族景颇族,220.71166664100002
1969,2023.0,德州,7168.350555696
1970,2023.0,德阳,5896.202499825
1971,2023.0,忻州,2805.551388895
1972,2023.0,怀化,2586.548333481
1973,2023.0,怒江傈僳族,81.732222209
1974,2023.0,恩施土家族苗族,1463.178611091
1975,2023.0,惠州,20836.900832946998
1976,2023.0,成都,17348.23361168
1977,2023.0,扬州,7775.878332813
1978,2023.0,承德,2441.9052777340003
1979,2023.0,抚州,3555.769722121
1980,2023.0,抚顺,1811.241111588
1981,2023.0,拉萨,480.231111097
1982,2023.0,揭阳,4957.352222664
1983,2023.0,攀枝花,524.550277772
1984,2023.0,文山壮族苗族,672.803888902
1985,2023.0,文昌,678.8852777789999
1986,2023.0,新乡,6360.740555942
1987,2023.0,新余,1067.957777727
1988,2023.0,无锡,18514.683610579
1989,2023.0,日喀则,119.189722218
1990,2023.0,日照,3971.460277427
1991,2023.0,昆明,5314.741389537
1992,2023.0,昆玉,48.927500003
1993,2023.0,昌吉回族,2874.2272224939998
1994,2023.0,昌江黎族自治县,219.76361111
1995,2023.0,昌都,255.09750000900002
1996,2023.0,昭通,1468.217777768
1997,2023.0,晋中,6252.47916669
1998,2023.0,晋城,1376.344444385
1999,2023.0,普洱,665.198333291
2000,2023.0,景德镇,1638.658055568
2001,2023.0,曲靖,2793.656389249
2002,2023.0,朔州,1684.32638889
2003,2023.0,朝阳,1341.685555621
2004,2023.0,本溪,998.203333329
2005,2023.0,来宾,1788.2136112160001
2006,2023.0,杭州,22604.486110900998
2007,2023.0,松原,1876.442499941
2008,2023.0,林芝,201.814166664
2009,2023.0,果洛藏族,124.200833327
2010,2023.0,枣庄,3012.305833336
2011,2023.0,柳州,2549.079166704
2012,2023.0,株洲,4257.119999766001
2013,2023.0,桂林,2886.009166616
2014,2023.0,梅州,2599.6088888510003
2015,2023.0,梧州,2594.62999984
2016,2023.0,楚雄彝族,1537.292499907
2017,2023.0,榆林,2895.331666597
2018,2023.0,武威,1219.759444576
2019,2023.0,武汉,11244.779999855
2020,2023.0,毕节,2810.653333325
2021,2023.0,永州,2639.799999998
2022,2023.0,汉中,1626.695555545
2023,2023.0,汕头,4610.984999515
2024,2023.0,汕尾,2986.8852778739997
2025,2023.0,江门,10853.724722738
2026,2023.0,池州,2255.128055516
2027,2023.0,沈阳,7840.173333028
2028,2023.0,沧州,9123.690277762
2029,2023.0,河池,1539.068055535
2030,2023.0,河源,4348.345277656
2031,2023.0,泉州,5109.8769441
2032,2023.0,泰安,5841.501666176
2033,2023.0,泰州,7300.0961114090005
2034,2023.0,泸州,2439.038333392
2035,2023.0,洛阳,4507.247777705999
2036,2023.0,济南,12578.661388028
2037,2023.0,济宁,6667.667777745
2038,2023.0,济源,985.410000053
2039,2023.0,海东,1467.8458332989999
2040,2023.0,海北藏族,311.72694448100003
2041,2023.0,海南藏族,634.672777718
2042,2023.0,海口,3250.721388903
2043,2023.0,海西蒙古族藏族,637.677777757
2044,2023.0,淄博,6472.2166660600005
2045,2023.0,淮北,2307.795555525
2046,2023.0,淮南,3366.441111483
2047,2023.0,淮安,6931.428055773999
2048,2023.0,深圳,33266.577775032
2049,2023.0,清远,8836.38749963
2050,2023.0,温州,4106.5000000830005
2051,2023.0,渭南,4627.886944429
2052,2023.0,湖州,10020.512777829
2053,2023.0,湘潭,4760.652222438
2054,2023.0,湘西土家族苗族,1581.337777753
2055,2023.0,湛江,3270.035833338
2056,2023.0,滁州,8223.802499513
2057,2023.0,滨州,6527.061111084
2058,2023.0,漯河,2324.081944579
2059,2023.0,漳州,4775.335000265
2060,2023.0,潍坊,8867.472222157001
2061,2023.0,潜江,1005.200000019
2062,2023.0,潮州,3026.37111105
2063,2023.0,澄迈县,1399.509722195
2064,2023.0,濮阳,2914.418611089
2065,2023.0,烟台,3571.543888994
2066,2023.0,焦作,3383.728333127
2067,2023.0,牡丹江,368.94611112300004
2068,2023.0,玉林,2659.703611243
2069,2023.0,玉树藏族,98.235000001
2070,2023.0,玉溪,1839.473889343
2071,2023.0,珠海,7361.8866669690005
2072,2023.0,琼中黎族苗族自治县,291.248333343
2073,2023.0,琼海,763.887500017
2074,2023.0,甘南藏族,434.918055561
2075,2023.0,甘孜藏族,837.0783333420001
2076,2023.0,白城,837.193611041
2077,2023.0,白山,421.890555572
2078,2023.0,白沙黎族自治县,123.01722223
2079,2023.0,白银,1243.938333375
2080,2023.0,百色,1829.270277781
2081,2023.0,益阳,2801.644444442
2082,2023.0,盐城,5849.2744443990005
2083,2023.0,盘锦,2538.3158334219997
2084,2023.0,眉山,5134.525556011
2085,2023.0,石嘴山,977.4252777869999
2086,2023.0,石家庄,7748.850832619
2087,2023.0,石河子,544.511944419
2088,2023.0,神农架林区,78.72222223200001
2089,2023.0,福州,3286.940277863
2090,2023.0,秦皇岛,3526.662222313
2091,2023.0,红河哈尼族彝族,1267.94166675
2092,2023.0,绍兴,11573.44472264
2093,2023.0,绥化,1918.135000026
2094,2023.0,绵阳,3468.255277877
2095,2023.0,聊城,5183.535833295
2096,2023.0,肇庆,8434.470833736
2097,2023.0,胡杨河,117.844166669
2098,2023.0,自贡,2103.469166599
2099,2023.0,舟山,1212.678333334
2100,2023.0,芜湖,4233.3219446680005
2101,2023.0,苏州,27625.180277519998
2102,2023.0,茂名,3867.151389167
2103,2023.0,荆州,3632.43500005
2104,2023.0,荆门,2513.871666614
2105,2023.0,莆田,1835.5202777309999
2106,2023.0,菏泽,5244.486944448
2107,2023.0,萍乡,1365.063611147
2108,2023.0,营口,1887.951666668
2109,2023.0,葫芦岛,3484.368611196
2110,2023.0,蚌埠,3738.246388915
2111,2023.0,衡水,4672.214166754
2112,2023.0,衡阳,4295.823055381
2113,2023.0,衢州,4176.243610986
2114,2023.0,襄阳,2854.324444532
2115,2023.0,西双版纳傣族,305.328055528
2116,2023.0,西宁,1707.423888817
2117,2023.0,西安,15960.628610984999
2118,2023.0,许昌,4713.202500591
2119,2023.0,贵港,2395.87694451
2120,2023.0,贵阳,6755.86583324
2121,2023.0,贺州,1635.980555623
2122,2023.0,资阳,2645.418333725
2123,2023.0,赣州,4925.831666686
2124,2023.0,赤峰,1545.136944352
2125,2023.0,辽源,582.945555461
2126,2023.0,辽阳,1921.5302777509999
2127,2023.0,达州,1710.6261111499998
2128,2023.0,运城,2115.026944454
2129,2023.0,连云港,4868.704722248
2130,2023.0,迪庆藏族,259.55166662199997
2131,2023.0,通化,939.521666651
2132,2023.0,通辽,1463.113055683
2133,2023.0,遂宁,2364.5325001349997
2134,2023.0,遵义,3817.7077778089997
2135,2023.0,邢台,6118.965832616
2136,2023.0,那曲,184.410555572
2137,2023.0,邯郸,4680.214721755
2138,2023.0,邵阳,2756.920555542
2139,2023.0,郑州,14249.411110636
2140,2023.0,郴州,3475.274722342
2141,2023.0,鄂尔多斯,2867.479166644
2142,2023.0,鄂州,2509.134166897
2143,2023.0,酒泉,1706.279444454
2144,2023.0,重庆,8443.625833534
2145,2023.0,金华,7822.045555787
2146,2023.0,金昌,514.89555554
2147,2023.0,钦州,2101.949722303
2148,2023.0,铁岭,2166.459444452
2149,2023.0,铁门关,140.949166622
2150,2023.0,铜仁,1984.054444447
2151,2023.0,铜川,1054.113611098
2152,2023.0,铜陵,1891.156944389
2153,2023.0,银川,2695.310833343
2154,2023.0,锡林郭勒盟,847.737500006
2155,2023.0,锦州,3264.659722195
2156,2023.0,镇江,7769.805277511
2157,2023.0,长春,4179.265833345
2158,2023.0,长沙,11203.453054453
2159,2023.0,长治,2007.266389011
2160,2023.0,阜新,1359.316944503
2161,2023.0,阜阳,3926.976111045
2162,2023.0,防城港,754.981944498
2163,2023.0,阳江,3230.149722299
2164,2023.0,阳泉,1203.427777912
2165,2023.0,阿克苏,866.753055574
2166,2023.0,阿勒泰,352.357777773
2167,2023.0,阿坝藏族羌族,1364.111111125
2168,2023.0,阿拉善盟,885.236666659
2169,2023.0,阿拉尔,340.32611108099996
2170,2023.0,阿里,33.239444438999996
2171,2023.0,陇南,759.988333306
2172,2023.0,陵水黎族自治县,910.731388863
2173,2023.0,随州,1574.976111081
2174,2023.0,雅安,2069.732777697
2175,2023.0,青岛,7415.2686107009995
2176,2023.0,鞍山,2815.20916664
2177,2023.0,韶关,3785.936388746
2178,2023.0,马鞍山,3697.642777786
2179,2023.0,驻马店,4074.6024999769998
2180,2023.0,鸡西,229.899444452
2181,2023.0,鹤壁,1771.645833348
2182,2023.0,鹤岗,204.71027780400001
2183,2023.0,鹰潭,1573.0319443820001
2184,2023.0,黄冈,5014.119722172
2185,2023.0,黄南藏族,130.902777774
2186,2023.0,黄山,1660.364444457
2187,2023.0,黄石,2218.316944536
2188,2023.0,黑河,316.512222198
2189,2023.0,黔东南苗族侗族,2217.512499941
2190,2023.0,黔南布依族苗族,4319.98194444
2191,2023.0,黔西南布依族苗族,1060.333888859
2192,2023.0,齐齐哈尔,1022.780833355
2193,2023.0,龙岩,1266.755277727
